date,title,url,text
2024-10-24,Bitcoin Price Forecast: Reports show increasing presence of institutional investors,https://www.fxstreet.com/cryptocurrencies/news/bitcoin-price-forecast-reports-show-increasing-presence-of-institutional-investors-202410241208,"
fxstreet.com
Bitcoin Price Forecast: Reports show increasing presence of institutional investors
Manish Chhetri
5–6 minutes
Bitcoin price today: $67,000

    Bitcoin bounces off the $66,000 level, with a possible recovery on the cards.
    Glassnode weekly report highlights an increasing presence of institutional investors in the digital asset space.
    BTC Futures Open Interest recorded a new ATH of $32.9 billion, indicating an influx of capital. 

Bitcoin (BTC) bounced back to trade slightly above $67,000 on Thursday after three consecutive days of decline since Monday. Reports indicate a growing presence of institutional investors in the digital asset space, as evidenced by the new all-time high in Futures Open Interest, which suggests optimism for Bitcoin’s price outlook.
Bitcoin short-term holders keep betting on BTC

Glassnode weekly report highlights the unrealized profits of the short-term holder cohort, a metric that serves as a key indicator of the sentiment among recent buyers in the market.

The spot price trades above the average acquisition price of all short-term holders sub-age groups, as shown in the graph below. This means almost all recent buyers hold an unrealized profit, highlighting the relief that the recent rally has provided to investors.

Bitcoin Realized Price Breakdown for STHs chart. Source: Glassnode

Bitcoin Realized Price Breakdown for STHs chart. Source: Glassnode

The report also explains that Open Interest (OI) across both perpetual and fixed-term futures contracts has recorded a new all-time high (ATH) of $32.9 billion this week, suggesting a marked increase in aggregate leverage entering the system.

BTC Futures Open Interest chart. Source: Glassnode

BTC Futures Open Interest chart. Source: Glassnode

“The dominance of the CME Group exchange highlights an increasing presence of institutional investors in the digital asset space, which strongly indicates that a cash-and-carry strategy is in play,” the report says.

BTC CME chart. Source: Glassnode

BTC CME chart. Source: Glassnode
Bitcoin Price Forecast: Small bounce

Bitcoin price declined for a third consecutive day on Wednesday, falling below $66,000 and reaching a daily low of $65,260 after encountering resistance near the key psychological level of $70,000 on Monday. However, it rebounded after retesting its support level of $66,000 and is trading slightly above $67,000 on Thursday.

If the $66,000 level holds as support, it could rally to reclaim its Monday high of $69,519.

The Relative Strength Index (RSI) indicator on the daily chart reads 58 and points downwards after rejecting the overbought level of 70, indicating weakness in bullish momentum. If it continues to decline and closes below its neutral level of 50, it could lead to a sharp decline in Bitcoin’s price. 

BTC/USDT daily chart

BTC/USDT daily chart

Conversely, if BTC breaks and closes below $66,000 support, it could decline 5.8% to retest its next support at $62,055, its 61.8% Fibonacci retracement level (drawn from July’s high of $70,079 to August’s low of $49,072).
Bitcoin, altcoins, stablecoins FAQs

Bitcoin is the largest cryptocurrency by market capitalization, a virtual currency designed to serve as money. This form of payment cannot be controlled by any one person, group, or entity, which eliminates the need for third-party participation during financial transactions.

Altcoins are any cryptocurrency apart from Bitcoin, but some also regard Ethereum as a non-altcoin because it is from these two cryptocurrencies that forking happens. If this is true, then Litecoin is the first altcoin, forked from the Bitcoin protocol and, therefore, an “improved” version of it.

Stablecoins are cryptocurrencies designed to have a stable price, with their value backed by a reserve of the asset it represents. To achieve this, the value of any one stablecoin is pegged to a commodity or financial instrument, such as the US Dollar (USD), with its supply regulated by an algorithm or demand. The main goal of stablecoins is to provide an on/off-ramp for investors willing to trade and invest in cryptocurrencies. Stablecoins also allow investors to store value since cryptocurrencies, in general, are subject to volatility.

Bitcoin dominance is the ratio of Bitcoin's market capitalization to the total market capitalization of all cryptocurrencies combined. It provides a clear picture of Bitcoin’s interest among investors. A high BTC dominance typically happens before and during a bull run, in which investors resort to investing in relatively stable and high market capitalization cryptocurrency like Bitcoin. A drop in BTC dominance usually means that investors are moving their capital and/or profits to altcoins in a quest for higher returns, which usually triggers an explosion of altcoin rallies."
2024-11-13,Bitcoin Price Forecast: Chances of pullback increase as miner selling ramps up,https://www.fxstreet.com/cryptocurrencies/news/bitcoin-price-forecast-chances-of-pullback-increase-as-miner-selling-ramps-up-202411131301,"
fxstreet.com
Bitcoin Price Forecast: Why BTC could decline in the upcoming days?
Manish Chhetri
6–7 minutes
Bitcoin price today: $87,600

    Bitcoin trades in red on Wednesday, extending losses after reaching a new all-time high of $89,940 on Tuesday.
    Technical indicators suggest the ongoing rally in BTC is overstretched and a corrective pullback could occur.
    BTC’s Miner Position Index reaches a yearly high, signaling miners booking profits and increasing the selling pressure.

Bitcoin (BTC) price extends its decline for a second consecutive day on Wednesday, trading slightly down at around $87,600 after a 30% surge since November 5 pushed BTC to a new all-time high at $89,940. Technical indicators suggest the rally is overstretched, with a potential corrective pullback ahead. Additionally, BTC’s Miner Position Index supports this pullback as it reached a yearly high on Tuesday, signaling miners booking profits and increasing the selling pressure.
Bitcoin dips as miners sell-off weigh

Bitcoin’s recent surge to a new all-time of $89,940 on Tuesday has prompted many investors to take profit, with miners notably contributing to the selling pressure.

The Miner Position Index (MPI) allows the tracking of miners movements. MPI measures the amount of Bitcoin flowing out of miners’ wallets relative to the annual average. A high MPI indicates that miners are withdrawing more Bitcoin than usual. When MPI spikes to extreme levels, forming a peak as seen on the graph below, it often signals that Bitcoin’s price may be approaching a cycle top or ready for a dip.

On Tuesday, the metric spiked to 3.56, marking its yearly high. Historical data reveals that when the MPI reached a similar level of 3.87 on November 10, 2023, Bitcoin dropped over 6% within the next four days. If history repeats, BTC could see a similar price movement.

Bitcoin Miners Position Index chart. Source: Cryptoquant

Bitcoin Miners Position Index chart. Source: Cryptoquant

Despite miners’ recent sell-off, the spot Bitcoin Exchange Traded Funds (ETFs) launched in January has attracted institutional investors, who have been actively buying BTC ETFs. Continued inflows into BTC ETFs could provide some cushion for price dips. On Tuesday, as Bitcoin dipped, US spot Bitcoin ETFs saw an inflow of $801.70 million, driven largely by BlackRock’s IBIT fund, which contributed $762.50 million, according to Coinglass ETF data.

Total Bitcoin Spot ETF Net Inflow chart. Source: Coinglass

Total Bitcoin Spot ETF Net Inflow chart. Source: Coinglass

Total Bitcoin Spot ETF Net Inflow chart. Source: Coinglass

“Since the election, gold has declined by 5% while Bitcoin has surged by 30%, signaling a shift as Bitcoin gains traction as “digital gold.” This movement appears increasingly structural, with capital reallocating from traditional safe havens like gold into BTC.”, says QCP Capital’s report.

The report continued, “If even 1% of capital from gold were to flow into BTC, it could propel Bitcoin to around $97k, highlighting the potential upside as this narrative continues to solidify. With BTC just below the critical $90k level, the end-November basis has surged to over 18%, accompanied by strong interest in far-out calls at 110k and 120k strikes. This trend points to heightened demand for margin and leverage as investors position for further breakout potential.”
Bitcoin Price Forecast: BTC bulls show signs of exhaustion

Bitcoin price reached a new all-time of $89,940 on Tuesday after rallying for seven consecutive days, suggesting the rally may be overstretched. At the time of writing on Wednesday, it trades slightly down around $87,600.

The Relative Strength Index (RSI) momentum indicator stands at 80 on the daily chart, well above its overbought level of 70, and points downwards, signaling bullish exhaustion and increasing risk of a correction. Traders should exercise caution when adding to their long positions, as a move out of the overbought territory by the RSI could provide a clear sign of a pullback.

If the ongoing decline continues, BTC’s price could find initial support at $78,807, the 141.40% Fibonacci extension level drawn from July’s high of $70,079 to August’s low of $49,000.

BTC/USDT daily chart 

BTC/USDT daily chart 

Conversely, if the bulls continue to stretch higher, the rally could extend to retest the 241.40% Fibonacci extension at $99,887.
Bitcoin, altcoins, stablecoins FAQs

Bitcoin is the largest cryptocurrency by market capitalization, a virtual currency designed to serve as money. This form of payment cannot be controlled by any one person, group, or entity, which eliminates the need for third-party participation during financial transactions.

Altcoins are any cryptocurrency apart from Bitcoin, but some also regard Ethereum as a non-altcoin because it is from these two cryptocurrencies that forking happens. If this is true, then Litecoin is the first altcoin, forked from the Bitcoin protocol and, therefore, an “improved” version of it.

Stablecoins are cryptocurrencies designed to have a stable price, with their value backed by a reserve of the asset it represents. To achieve this, the value of any one stablecoin is pegged to a commodity or financial instrument, such as the US Dollar (USD), with its supply regulated by an algorithm or demand. The main goal of stablecoins is to provide an on/off-ramp for investors willing to trade and invest in cryptocurrencies. Stablecoins also allow investors to store value since cryptocurrencies, in general, are subject to volatility.

Bitcoin dominance is the ratio of Bitcoin's market capitalization to the total market capitalization of all cryptocurrencies combined. It provides a clear picture of Bitcoin’s interest among investors. A high BTC dominance typically happens before and during a bull run, in which investors resort to investing in relatively stable and high market capitalization cryptocurrency like Bitcoin. A drop in BTC dominance usually means that investors are moving their capital and/or profits to altcoins in a quest for higher returns, which usually triggers an explosion of altcoin rallies."
2024-12-16,"Bitcoin Price Forecast: BTC rises to new all-time of $106,600, then corrects as markets focus on Fed",https://www.fxstreet.com/cryptocurrencies/news/bitcoin-price-forecast-btc-rises-to-new-all-time-of-106-600-then-corrects-as-markets-focus-on-fed-202412161257,"
fxstreet.com
Bitcoin Price Forecast: Rise toward new high of $119K or correction to $90K?
Manish Chhetri
7–8 minutes

Bitcoin (BTC) price retreats on Monday after reaching a new all-time high (ATH) of $106,648 in the early Asian session. The main factor impacting BTC price this week is likely to be the decision of the US Federal Reserve (Fed) on interest rates on Wednesday. The US central bank is expected to slash rates (a positive for risk assets such as BTC) but also signal fewer-than-previously-anticipated cuts for 2025.

The recent rally to a new ATH has been supported by continued strong inflows to the US Bitcoin Spot Exchange Traded Funds (EFTs) of $2.17 billion last week. Still, traders should remain cautious as technical indicators such as the Relative Strength Index (RSI) and Awesome Oscillator (AO) show early bearish divergence, suggesting that bullish momentum is weakening.
Bitcoin reaches all-time high of $106,600 ahead of Fed decision

Bitcoin price reached a new all-time high of $106,648 at the start of this week on Monday after rallying 3.2% the previous week. A further rise in Bitcoin price could be fueled by the upcoming decision of the Fed on interest rates on Wednesday. 

According to the CME’s Fed watch tool, which tracks the probabilities of changes to the Fed rate as implied by Fed Funds future prices, there is a 97.1% likelihood of a 25 basis point cut, while the remaining 2.9% points for the rate to remain stable. 

Target Rate Probabilities chart. Source: CME Fed watch tool

Target Rate Probabilities chart. Source: CME Fed watch tool

An interest-rate cut tends to favor risky assets like Bitcoin because lower rates tend to stimulate the economy. However, markets’ reaction to Wednesday’s Fed decision isn’t likely to be driven by the rate decision itself (unless there was a huge surprise) but rather the Fed projections about how interest rates will head in 2025.

If these projections reflect slower or fewer rate cuts next year, Treasury yields and the US Dollar will likely be stronger, making it harder for risk assets, including BTC, to be more attractive to investors.
ETFs provide continued support

Looking into Bitcoin’s institutional flows, these remained strong last week. According to Coinglass, Bitcoin Spot ETF data recorded a total net inflow of $2.17 billion last week. Bitcoin could rally further in the coming days if this inflow trend persists or accelerates.

Total Bitcoin Spot ETF Net Inflow chart. Source: Coinglass

Total Bitcoin Spot ETF Net Inflow chart. Source: Coinglass

According to Santiment’s data, since the start of the bull rally on October 10, the wallets holding at least 100 BTC have increased almost 10% from 16,062 to 17,644 in 9 weeks. This rise in BTC wallets shows investors’ confidence and contributed heavily to its current rise.

Wallets holding at least 100 BTC chart. Source: Santiment

Wallets holding at least 100 BTC chart. Source: Santiment

In an exclusive interview, Darius Sit, Founder & Chief Investment Officer of QCP Singapore’s digital assets firm, told FXStreet that he has never been more bullish on Bitcoin. Darius explained that his bullish outlook was mainly because of the liquidity rush into Bitcoin.

“This year, crypto or bitcoin is being brought into traditional markets, infrastructure, and traditional market liquidity,” Darius said to FxStreet. 

“I think now it's starting to impact debt financing; equity financing is starting to impact how everything from individuals to corporates to countries think about their future and how they think about, you know, raising money, how they think about their treasuries,” Darius explain 

Darius said the signs the traders should watch for are “One possibly volatile possible downside from deleveraging but at the same time increasing influence and increasing impact that it's having with real institutions, quasi-sovereigns and sovereigns having it on their balance sheet.”

Despite Bitcoin reaching new highs, traders should be cautious as CryptoQuant data shows that the Estimated Leverage Ratio (ELR) reached annual highs, indicating a chance of a correction is likely due to leverage overheating.

Bitcoin Estimated Leverage Ratio chart. Source: Santiment

Bitcoin Estimated Leverage Ratio chart. Source: Santiment
Bitcoin Price Forecast: Rise towards $119K or pullback to $90K?

Bitcoin price reaches a new all-time high (ATH) of $106,648 in the early Asian trading session but retraces to around $103,600 during the Europen session on Monday.

Despite reaching new highs, traders should remain cautious as the chances of a pullback are likely high, as shown by the momentum indicators. The Relative Strength Index (RSI) and the Awesome Oscillator (AO) indicators on the daily chart show signs of an early bearish divergence, where the higher high in the prices are not reflected in higher highs in RSI and AO, indicating signs of weakness in bullish momentum. 

If BTC faces a pullback and closes below $100,000, it could extend the decline to retest its $90,000 support level.

BTC/USDT daily chart

BTC/USDT daily chart

However, if  BTC continues its upward momentum, it could extend the rally to test a new ATH of $119,510. This level aligns with the 141.4% Fibonacci extension line drawn from the November 4 low of $66,835 to the December 5 high of $104,088.
Bitcoin, altcoins, stablecoins FAQs

Bitcoin is the largest cryptocurrency by market capitalization, a virtual currency designed to serve as money. This form of payment cannot be controlled by any one person, group, or entity, which eliminates the need for third-party participation during financial transactions.

Altcoins are any cryptocurrency apart from Bitcoin, but some also regard Ethereum as a non-altcoin because it is from these two cryptocurrencies that forking happens. If this is true, then Litecoin is the first altcoin, forked from the Bitcoin protocol and, therefore, an “improved” version of it.

Stablecoins are cryptocurrencies designed to have a stable price, with their value backed by a reserve of the asset it represents. To achieve this, the value of any one stablecoin is pegged to a commodity or financial instrument, such as the US Dollar (USD), with its supply regulated by an algorithm or demand. The main goal of stablecoins is to provide an on/off-ramp for investors willing to trade and invest in cryptocurrencies. Stablecoins also allow investors to store value since cryptocurrencies, in general, are subject to volatility.

Bitcoin dominance is the ratio of Bitcoin's market capitalization to the total market capitalization of all cryptocurrencies combined. It provides a clear picture of Bitcoin’s interest among investors. A high BTC dominance typically happens before and during a bull run, in which investors resort to investing in relatively stable and high market capitalization cryptocurrency like Bitcoin. A drop in BTC dominance usually means that investors are moving their capital and/or profits to altcoins in a quest for higher returns, which usually triggers an explosion of altcoin rallies."
2025-02-05,"Bitcoin Price Forecast: BTC hovers around $97,000 as crypto czar David Sacks evaluates US Bitcoin Reserve",https://www.fxstreet.com/cryptocurrencies/news/bitcoin-price-forecast-btc-hovers-around-97-000-as-crypto-czar-david-sacks-evaluates-us-bitcoin-reserve-202502051016,"
fxstreet.com
Bitcoin Price Forecast: BTC hovers around $97,000 as crypto czar David Sacks evaluates US Bitcoin Reserve
Manish Chhetri
6–7 minutes

Bitcoin (BTC) price hovers around $97,000 on Wednesday after falling 3.5% the previous day. BTC still shows signs of weakness, despite Trump’s crypto czar, David Sacks, announcing during the digital asset press conference that they would evaluate a Bitcoin Reserve. Moreover, the K33 report highlights that Bitcoin CME traders maintain a defensive position and suggests investors avoid leverage at any cost in February.
Bitcoin fails to hold $100,000 mark despite Trump’s administration’s to evaluate BTC Reserve

Bitcoin price faced a pullback in the early Asian trading session, reaching a low of $91,231, but quickly recovered its fall to close above $101,300 on Monday. However, BTC failed to hold the $100,000 mark despite Trump’s administration’s support for digital assets, declining 3.52% on Tuesday. 

During the same period, President Trump’s crypto czar, David Sacks, announced during the digital asset press conference that they would evaluate a Bitcoin Reserve. The press conference announced several frameworks and regulatory support for digital assets and stablecoins. At the time of writing on Wednesday, BTC hovers around $97,000.
Bitcoin CME traders maintain defensive position — K33 Report

A K33 “Ahead of the curve” report on Tuesday highlighted that BTC CME premiums remained soft throughout the week. According to the report, the BTC Open Interest (OI) declined further to sit at 166,475 BTC as of Monday’s close, the lowest CME OI recorded since November 5. 

CME BTC Futures Open Interest chart. Source: K33 Research

CME BTC Futures Open Interest chart. Source: K33 Research

The graph below suggests that following last month’s roll, the term structure also indicates cautious behavior in farther-dated contracts, with daily next-month premiums hovering at 0.8%.

CME BTC Futures average daily next month premium chart. Source: K33 Research

CME BTC Futures average daily next month premium chart. Source: K33 Research

The report states, “February mantra should be to avoid leverage at any cost.” As uncertainty and volatility escalate amid Trump’s favorable crypto regulations, a Bitcoin reserve may begin to take shape, yet market turmoil persists due to tariffs and broader economic instability.

Moreover, Bitcoin could expect volatility due to FTX’s upcoming repayments to creditors starting on February 18. The bankrupt exchange is set to begin repayment to creditors with claims under $50,000, particularly those in the Bahamas, with 9% interest per annum from November 11, 2022.

The exchange first filed for bankruptcy in November 2022 with an estimated debt of $11.2 billion. Payouts are expected to total up to $16.5 billion, while the exchange is raising additional funds by selling assets and investments in tech firms. This news is significant as it marks a crucial step in recovery for those affected by the FTX collapse in November 2022, generating considerable interest in the cryptocurrency community.

    FTX Repayments: 18 Feb 2025

    Funds available from 10am ET
    FTX Claims < $50k

    FTX Creditors in the Bahamas process have email confirmation that repayments will start on 18 Feb 2025

    9% interest per annum from 11 Nov 2022 pic.twitter.com/FrmDN4qiK7
    — Sunil (FTX Creditor Champion) (@sunil_trades) February 4, 2025

Bitcoin Price Forecast: BTC bears aim for $90,000 level

Bitcoin price faced a pullback in the early Asian trading session, reaching a low of $91,231, but quickly recovered from its fall to close above $101,300 on Monday. However, it failed to maintain its recovery and declined 3.52% on Tuesday. At the time of writing on Wednesday, it hovers around $97,500.

If BTC continues its correction, it could extend the decline to test its psychologically important level of $90,000.

The Relative Strength Index (RSI) on the daily chart reads 43, after being rejected from below its neutral level of 50, and points downwards, indicating strong bearish momentum. Moreover, the Moving Average Convergence Divergence (MACD) showed a bearish crossover on Friday, hinting at further correction ahead.

BTC/USDT daily chart

BTC/USDT daily chart

However, if BTC recovers and finds support around $100,000, it would extend the recovery to retest its Friday high of $106,012.
Bitcoin, altcoins, stablecoins FAQs

Bitcoin is the largest cryptocurrency by market capitalization, a virtual currency designed to serve as money. This form of payment cannot be controlled by any one person, group, or entity, which eliminates the need for third-party participation during financial transactions.

Altcoins are any cryptocurrency apart from Bitcoin, but some also regard Ethereum as a non-altcoin because it is from these two cryptocurrencies that forking happens. If this is true, then Litecoin is the first altcoin, forked from the Bitcoin protocol and, therefore, an “improved” version of it.

Stablecoins are cryptocurrencies designed to have a stable price, with their value backed by a reserve of the asset it represents. To achieve this, the value of any one stablecoin is pegged to a commodity or financial instrument, such as the US Dollar (USD), with its supply regulated by an algorithm or demand. The main goal of stablecoins is to provide an on/off-ramp for investors willing to trade and invest in cryptocurrencies. Stablecoins also allow investors to store value since cryptocurrencies, in general, are subject to volatility.

Bitcoin dominance is the ratio of Bitcoin's market capitalization to the total market capitalization of all cryptocurrencies combined. It provides a clear picture of Bitcoin’s interest among investors. A high BTC dominance typically happens before and during a bull run, in which investors resort to investing in relatively stable and high market capitalization cryptocurrency like Bitcoin. A drop in BTC dominance usually means that investors are moving their capital and/or profits to altcoins in a quest for higher returns, which usually triggers an explosion of altcoin rallies.
"
2025-04-24,Bitcoin Price Forecast: BTC corrects as increased profit-taking offsets positive market sentiment,https://www.fxstreet.com/cryptocurrencies/news/bitcoin-price-forecast-btc-corrects-as-increased-profit-taking-offsets-positive-market-sentiment-202504241000,"
fxstreet.com
Bitcoin Price Forecast: BTC corrects as increased profit-taking offsets positive market sentiment
Manish Chhetri
6–7 minutes

Bitcoin (BTC) is facing a slight correction, trading around $92,000 at the time of writing on Thursday, after rallying 8.55% so far this week. Despite the mild correction, institutional demand remained strong, as US spot Exchange Traded Funds (ETFs) recorded an inflow of $916.91 million on Wednesday, marking three consecutive days of gains. Moreover, the risk-on sentiment prevails as US President Donald Trump’s administration appears to be softening its tone on the US Federal Reserve (Fed) and trade tensions with China. 

The technical outlook suggests that the pullback could be mild as holders realize profits, and that a rally toward $97,000 is still on the cards.
Bitcoin corrects as holders realize profits

CryptoQuant data show that BTC holders are transferring their BTC holdings to exchanges, realizing profits, and thereby increasing selling pressure. The Bitcoin Exchange Netflow metric shows the difference between BTC flowing into and out of the exchange. As of Thursday, the metric reads a net inflow of 3,135 BTC, which indicates a bearish sign for BTC. If the net inflow continues to increase and intensify, the Bitcoin price could decline further.

Bitcoin Exchange Netflow (Total) chart. Source: CryptoQuant

Bitcoin Exchange Netflow (Total) chart. Source: CryptoQuant
Bitcoin institutional demand continues to show strength

According to the SoSoValue data, the US spot Bitcoin ETF recorded a net inflow of $916.91 million on Wednesday, continuing its three-day net inflow streak this week. These inflows are a positive sign for Bitcoin, indicating a rise in institutional demand. If these inflows continue and intensify, Bitcoin prices could rally further.

Total Bitcoin Spot ETFs daily chart. Source: SoSoValue

Total Bitcoin Spot ETFs daily chart. Source: SoSoValue

Total Bitcoin Spot ETFs daily chart. Source: SoSoValue
Risk-on sentiment prevails as Trump eases rhetoric on Fed and China

According to a report by The Wall Street Journal, the Asian stock markets were broadly higher early Thursday, extending gains for a second session as the Trump administration softened its tone on the Federal Reserve and trade tensions with China.

The report further explains that the Trump administration is considering slashing steep tariffs on Chinese imports – in some cases by more than half – in a bid to de-escalate tensions with Beijing. The shift in tone from Trump, possibly scaling back China tariffs despite the lack of specifics, has boosted investor confidence and supported the risk-on sentiment for riskier assets, such as Bitcoin, which has rallied nearly 9% so far this week, reaching a high of $94,696 on Wednesday. 
Bitcoin Price Forecast: BTC shows weakness in bullish momentum 

Bitcoin price faced multiple rejections around its 200-day Exponential Moving Average (EMA) at $85,000 since April 13. BTC finally broke above this resistance level on Monday, rising 9.7% to close above $90,000. It continued rising and faced resistance around the $95,000 on Wednesday. At the time of writing on Thursday, it faces a mild correction and trades near $92,000.

If BTC continues its pullback, it could extend the decline to find support around the $90,000 psychological importance level.

The Relative Strength Index (RSI) on the daily chart reads 63 after being rejected around its overbought level of 70 on Wednesday, indicating fading bullish momentum. If the RSI falls below its neutral level of 50, Bitcoin’s price could experience a sharp decline.

BTC/USDT daily chart

BTC/USDT daily chart

On the other hand, if BTC continues its upward momentum and closes above $95,000, it could extend the rally to retest its next daily resistance at $97,000.
Crypto ETF FAQs

An Exchange-Traded Fund (ETF) is an investment vehicle or an index that tracks the price of an underlying asset. ETFs can not only track a single asset, but a group of assets and sectors. For example, a Bitcoin ETF tracks Bitcoin’s price. ETF is a tool used by investors to gain exposure to a certain asset.

Yes. The first Bitcoin futures ETF in the US was approved by the US Securities & Exchange Commission in October 2021. A total of seven Bitcoin futures ETFs have been approved, with more than 20 still waiting for the regulator’s permission. The SEC says that the cryptocurrency industry is new and subject to manipulation, which is why it has been delaying crypto-related futures ETFs for the last few years.

Yes. The SEC approved in January 2024 the listing and trading of several Bitcoin spot Exchange-Traded Funds, opening the door to institutional capital and mainstream investors to trade the main crypto currency. The decision was hailed by the industry as a game changer.

The main advantage of crypto ETFs is the possibility of gaining exposure to a cryptocurrency without ownership, reducing the risk and cost of holding the asset. Other pros are a lower learning curve and higher security for investors since ETFs take charge of securing the underlying asset holdings. As for the main drawbacks, the main one is that as an investor you can’t have direct ownership of the asset, or, as they say in crypto, “not your keys, not your coins.” Other disadvantages are higher costs associated with holding crypto since ETFs charge fees for active management. Finally, even though investing in ETFs reduces the risk of holding an asset, price swings in the underlying cryptocurrency are likely to be reflected in the investment vehicle too.
"
2025-06-25,"Bitcoin Price Forecast: BTC extends gains above $106,000 as institutional demand fuels optimism",https://www.fxstreet.com/cryptocurrencies/news/bitcoin-price-forecast-btc-extends-gains-above-106-000-as-institutional-demand-fuels-optimism-202506251000,"
fxstreet.com
Bitcoin Price Forecast: BTC holds strong as rising demand fuels market optimism
Manish Chhetri
6–8 minutes

Bitcoin (BTC) price extends gains above $106,000 at the time of writing on Wednesday, having risen 5% over the previous two days. The institutional and corporate demand further supports the price recovery, as ProCap BTC LLC adds Bitcoin to its reserve and fresh inflows into Exchange Traded Funds (ETFs) occur. BTC traders await further cues from Federal Reserve (Fed) Chair Jerome Powell’s second day of testimony, scheduled for later on Wednesday.
Bitcoin demand remains robust, ETF flows remain a key market driver

Bitcoin price holds above $106,000 on Wednesday as demand from institutional investors continued to remain strong. So far this week, BTC has seen a series of accumulations from public companies, with Strategy, Metaplanet, and the Blockchain Group adding BTC to their treasury. Additionally, on Tuesday, Anthony Pompliano’s ProCap BTC, LLC purchased 3,724 Bitcoins within one day after announcing a $1 billion merger and an over $750 million fundraising on Monday.

Looking at the spot Bitcoin ETF demand, it continued its 11-day streak of gains since June 9. As shown in the SoSoValue chart below, the ETF recorded $588.55 million in inflows on Tuesday.

Total Bitcoin Sport ETF net inflow daily chart. Source: SoSoValue

Total Bitcoin Sport ETF net inflow daily chart. Source: SoSoValue

A K33 report released on Tuesday provides a clearer picture of why ETFs move markets but Treasuries do not. The 30-day ETF flows chart below shows that the BTC returns share an R² of 0.80, highlighting that ETF flows remain a key market driver. In contrast, the growing trend of BTC treasury companies has shown minimal influence on price. This effect is generally due to the fact that many of these companies acquire BTC through in-kind share exchanges with existing holders, resulting in a net neutral impact on the market. This dynamic may help explain the weak relationship (R² of 0.18) between treasury flows and BTC returns.

30-day change in BTC treasury holding vs. 30-day BTC return (left chart). Sep 2024– June 23, 2025: 30-day returns vs 30-day Pubco change (Right) chart. Source: K33 Research

30-day change in BTC treasury holding vs. 30-day BTC return (left chart). Sep 2024– June 23, 2025: 30-day returns vs 30-day Pubco change (Right) chart. Source: K33 Research
Bitcoin holds firm ahead of Jerome Powell’s second-day testimony

Bitcoin price started the week on a positive note, rising more than 5% in the last two days following the confirmation of a ceasefire between Israel and Iran on Monday. At the time of writing on Wednesday, BTC extends gains above $106,000 during the early European session as traders await more cues from Jerome Powell, who continues his two-day testimony before Congress later in the day.

Tammy Da Costa, Senior news reporter at FXStreet, reported on Tuesday, “His tone remained broadly consistent with recent commentary, emphasizing a data-driven approach while acknowledging progress on inflation.”

The analyst further explains that Powell reiterated that the Fed is not in a rush to lower interest rates, although the door remains open if incoming data supports such a move.

If Powell’s second-day testimony hints at a dovish stance, further supported by favorable macroeconomic data and hinting at lower interest rates, this could be a bullish case for riskier assets, such as BTC, as lower rates could prompt investors to shift toward them. However, if the Fed has a hawkish stance, it could have a bearish effect on the BTC price.
Bitcoin Price Forecast: Will BTC head towards its highs?

Bitcoin price reached a low of $98,200 on Sunday but recovered sharply by 5% over the next two days, closing above its 50-day Exponential Moving Average at $103,352. At the time of writing on Wednesday, it continues to trade higher at around $106,500.

If BTC continues its upward trend, it could extend the rally toward its May 22 all-time high at $111,980.

The Relative Strength Index (RSI) on the daily chart reads 54, above its neutral level of 50, indicating bullish momentum. The Moving Average Convergence Divergence (MACD) is hinting at a bullish crossover (the MACD line is close to crossing above the signal line), which, if completed, would give a buy signal.

BTC/USDT daily chart

BTC/USDT daily chart

However, if BTC faces a correction and closes below the 50-day EMA at $103,352, it could extend the decline to retest its Sunday low of $98,200.
Bitcoin, altcoins, stablecoins FAQs

Bitcoin is the largest cryptocurrency by market capitalization, a virtual currency designed to serve as money. This form of payment cannot be controlled by any one person, group, or entity, which eliminates the need for third-party participation during financial transactions.

Altcoins are any cryptocurrency apart from Bitcoin, but some also regard Ethereum as a non-altcoin because it is from these two cryptocurrencies that forking happens. If this is true, then Litecoin is the first altcoin, forked from the Bitcoin protocol and, therefore, an “improved” version of it.

Stablecoins are cryptocurrencies designed to have a stable price, with their value backed by a reserve of the asset it represents. To achieve this, the value of any one stablecoin is pegged to a commodity or financial instrument, such as the US Dollar (USD), with its supply regulated by an algorithm or demand. The main goal of stablecoins is to provide an on/off-ramp for investors willing to trade and invest in cryptocurrencies. Stablecoins also allow investors to store value since cryptocurrencies, in general, are subject to volatility.

Bitcoin dominance is the ratio of Bitcoin's market capitalization to the total market capitalization of all cryptocurrencies combined. It provides a clear picture of Bitcoin’s interest among investors. A high BTC dominance typically happens before and during a bull run, in which investors resort to investing in relatively stable and high market capitalization cryptocurrency like Bitcoin. A drop in BTC dominance usually means that investors are moving their capital and/or profits to altcoins in a quest for higher returns, which usually triggers an explosion of altcoin rallies.
"
2025-08-11,"Bitcoin Price Forecast: BTC closes in all-time highs, wiping out vast majority of short positions",https://www.fxstreet.com/cryptocurrencies/news/bitcoin-price-forecast-btc-closes-in-all-time-highs-wiping-out-vast-majority-of-short-positions-202508111045,"
fxstreet.com
Bitcoin Price Forecast: BTC nears all-time highs, wipes out 92% shorts
Manish Chhetri
6–7 minutes

Bitcoin (BTC) price extends its gains, trading above $121,400 at the time of writing on Monday and inching closer to its record high. This recent price surge has wiped out 92.55% of short positions in the last 24 hours as institutional demand via ETFs recovered.
Bitcoin surpasses $120,000, liquidates 92.55% shorts

Bitcoin price surged above $120,000 on Monday during the Asian trading session and is trading above $121,400 during the European session. This price rise comes amid hopes that a meeting between US and Russian presidents, Donald Trump and Vladimir Putin, will end the war in Ukraine. The short squeeze has wiped out 92.55% of BTC short positions in the last 24 hours.

As BTC is now nearing its all-time high of $123,218 set on July 14, surpassing this level to reach around $123,500 would trigger another short squeeze scenario, potentially leading to short liquidation worth $1.14 billion, according to Coinglass data. 

Bitcoin Exchange Liquidation Map chart. Source: Coinglass

Bitcoin Exchange Liquidation Map chart. Source: Coinglass
Institutional demand for BTC resumes

Institutional demand for Bitcoin supported its price rise as it rose nearly 5% last week. According to SoSoValue data, Bitcoin spot Exchange Traded Fund (ETF) recorded an inflow of $246.75 million last week, after recording an outflow of $643.04 million the previous week.

This weekly inflow indicates that demand for BTC is resuming, but the value of the flow is way below compared to the levels seen during mid-July, when BTC reached record highs. 

QCP Capital reported on Monday that institutional demand and spot ETF flows will be key to watch as BTC approaches its record highs.
Regulation clarity alongside Trump’s supporting policies for Bitcoin 

The US announcements and policies supported Bitcoin’s price surge last week. US President Donald Trump signed an executive order on Thursday that aims to allow cryptocurrency, private equity, and real estate in 401(k)s.

On Tuesday, the US Securities and Exchange Commission (SEC) announced that crypto liquid staking activities do not constitute a securities offering, marking a step toward clearer digital asset regulation.

Market participants await a key US macroeconomic data release on Tuesday, July’s Consumer Price Index (CPI) data, which provides information regarding inflation and thus can influence chances of upcoming interest-rate cuts by the US Federal Reserve (Fed).. In the meantime, fresh headlines surrounding the US-China trade talks ahead of the August 12 deadline for a deal could add volatility to riskier assets such as Bitcoin.

“With prices at critical resistance, some profit-taking is probable ahead of CPI,” says QCP’s Capital analyst. 

The analyst continued that the market’s ability to absorb recent “OG whale” sell-offs without losing momentum reinforces the structurally bullish outlook.
Bitcoin Price Forecast: BTC nears new record high 

Bitcoin price found support around its previous all-time high of $111,980 on August 3 and rallied 6% until Sunday. At the time of writing on Monday, it trades above its psychological level at $120,000.

If BTC continues its upward trend, it could extend the rally toward its record high of $123,218. If a successful close above this level occurs, BTC would enter price discovery mode with bulls targeting the psychological level of $125,000.

The Relative Strength Index (RSI) on the daily chart reads 65, above its neutral level of 50, indicating strong bullish momentum. The Moving Average Convergence Divergence (MACD) shows a bullish crossover on Monday, giving a buy signal.

BTC/USDT daily chart 

BTC/USDT daily chart 

If BTC faces a correction, it could extend the decline to find support around the daily level at $116,000.
Cryptocurrency metrics FAQs

The developer or creator of each cryptocurrency decides on the total number of tokens that can be minted or issued. Only a certain number of these assets can be minted by mining, staking or other mechanisms. This is defined by the algorithm of the underlying blockchain technology. On the other hand, circulating supply can also be decreased via actions such as burning tokens, or mistakenly sending assets to addresses of other incompatible blockchains.

Market capitalization is the result of multiplying the circulating supply of a certain asset by the asset’s current market value.

Trading volume refers to the total number of tokens for a specific asset that has been transacted or exchanged between buyers and sellers within set trading hours, for example, 24 hours. It is used to gauge market sentiment, this metric combines all volumes on centralized exchanges and decentralized exchanges. Increasing trading volume often denotes the demand for a certain asset as more people are buying and selling the cryptocurrency.

Funding rates are a concept designed to encourage traders to take positions and ensure perpetual contract prices match spot markets. It defines a mechanism by exchanges to ensure that future prices and index prices periodic payments regularly converge. When the funding rate is positive, the price of the perpetual contract is higher than the mark price. This means traders who are bullish and have opened long positions pay traders who are in short positions. On the other hand, a negative funding rate means perpetual prices are below the mark price, and hence traders with short positions pay traders who have opened long positions.
"
2025-09-09,"Bitcoin Price Forecast: BTC extends recovery above $112,000 as sentiment improves",https://www.fxstreet.com/cryptocurrencies/news/bitcoin-price-forecast-btc-extends-recovery-above-112-000-as-sentiment-improves-202509091139,"
fxstreet.com
Bitcoin Price Forecast: BTC recovers above $112,000 as sentiment improves
Manish Chhetri
6–8 minutes

Bitcoin (BTC) is extending its recovery, trading above $112,500 at the time of writing on Tuesday, after posting nearly 3% gains last week. Improving sentiment supports BTC's recovery, as seen from fresh capital inflows of over $360 million on spot Exchange Traded Funds (ETFs) on Monday. Traders now turn their attention to key US economic data that could provide fresh direction for the cryptocurrency market.
Increasing bets of rate cuts support BTC recovery

Bitcoin price started the week on a positive note, recovering slightly and extending its three consecutive days of gains, briefly trading above $113,000 on Tuesday. A broadly positive mood across global equities and cryptocurrencies persists, after last week's macroeconomic data cemented expectations for a September interest-rate cut by the US Federal Reserve (Fed).

The deteriorating labor market conditions in the US and a higher unemployment rate led market participants to believe that the Fed might lower borrowing costs three times by the end of this year, which boosts risk-on sentiment and supports a recovery in riskier assets such as BTC.

Traders turn their attention to the annual revision of Nonfarm Payrolls at 14:00 GMT, followed by the US Producer Price Index (PPI) and the Consumer Price Index (CPI) data due on Wednesday and Thursday, respectively. These data will provide fresh insights about what the Fed might decide on rates and thus could impact the price of riskier assets such as Bitcoin.
Institutional inflows could support Bitcoin recovery

SoSoValue indicates that Bitcoin spot Exchange Traded Funds (ETFs) recorded an inflow of $368.25 million on Monday, breaking a two-day streak of outflows since last Thursday. If this inflow continues and intensifies, it could help extend Bitcoin’s price recovery.

Total Bitcoin Spot ETF Net Inflow chart. Source: SoSoValue

Total Bitcoin Spot ETF Net Inflow chart. Source: SoSoValue

Apart from rising ETF inflows, bullish bets among traders are also rising. CoinGlass’s long-to-short ratio for BTC stands at 1.05 on Tuesday, the highest level in over a month, further supporting the recovery thesis. 

Bitcoin long-to-short ratio chart. Source: Coinglass

Bitcoin long-to-short ratio chart. Source: Coinglass
Some signs to watch for 

Glassnode’s weekly report released on Tuesday highlights BTC conditions in spot, futures, and options markets. 

In the spot market, BTC’s momentum showed a fragile recovery as the Relative Strength Index (RSI) rose toward neutral territory and the Spot Cumulative Volume Delta (CVD) improved, signaling reduced sell pressure (graph below).

On the futures front, the market reflected stabilization with a mild rise in open interest and a strong recovery in perpetual CVD, suggesting buy-the-dip flows.

However, in the options market, open interest declined, showing lighter engagement, while volatility spreads narrowed, suggesting calmer expectations. Still, the fact that the 25-delta skew remained elevated indicates persistent demand for downside protection and defensive hedging, the report noted.

The analyst concluded that the market reflects fragile stabilization above the short-term holder cost basis at around the $111,000 mark, with improvements in momentum and profitability offset by lighter volumes and defensive positioning.

""Traders should remain cautious, with sentiment leaning slightly bearish but with scope for short-term bounce-backs if demand re-emerges more decisively,"" the report said.
Bitcoin Price Forecast: Bulls appear to be taking control

Bitcoin price recovered nearly 3% last week after facing three consecutive weeks of decline from its all-time high of $124,474.

If BTC closes above the 50-day EMA at $112,935 on a daily basis, it could extend the rally toward its daily resistance level at $116,000.

The Relative Strength Index (RSI) is moving above its neutral level of 50, indicating early signs of bullish momentum. The Moving Average Convergence Divergence (MACD) showed a bullish crossover on Saturday, giving a buy signal and supporting the bullish view.

BTC/USDT daily chart 

BTC/USDT daily chart 

If BTC faces a correction, it could extend the decline toward its daily support at $107,245.
Crypto ETF FAQs

An Exchange-Traded Fund (ETF) is an investment vehicle or an index that tracks the price of an underlying asset. ETFs can not only track a single asset, but a group of assets and sectors. For example, a Bitcoin ETF tracks Bitcoin’s price. ETF is a tool used by investors to gain exposure to a certain asset.

Yes. The first Bitcoin futures ETF in the US was approved by the US Securities & Exchange Commission in October 2021. A total of seven Bitcoin futures ETFs have been approved, with more than 20 still waiting for the regulator’s permission. The SEC says that the cryptocurrency industry is new and subject to manipulation, which is why it has been delaying crypto-related futures ETFs for the last few years.

Yes. The SEC approved in January 2024 the listing and trading of several Bitcoin spot Exchange-Traded Funds, opening the door to institutional capital and mainstream investors to trade the main crypto currency. The decision was hailed by the industry as a game changer.

The main advantage of crypto ETFs is the possibility of gaining exposure to a cryptocurrency without ownership, reducing the risk and cost of holding the asset. Other pros are a lower learning curve and higher security for investors since ETFs take charge of securing the underlying asset holdings. As for the main drawbacks, the main one is that as an investor you can’t have direct ownership of the asset, or, as they say in crypto, “not your keys, not your coins.” Other disadvantages are higher costs associated with holding crypto since ETFs charge fees for active management. Finally, even though investing in ETFs reduces the risk of holding an asset, price swings in the underlying cryptocurrency are likely to be reflected in the investment vehicle too.
"
2025-10-16,"Bitcoin Price Forecast: BTC could retest $100,000 before resuming its upward trend",https://www.fxstreet.com/cryptocurrencies/news/bitcoin-price-forecast-btc-could-retest-100-00-before-resuming-its-upward-trend-202510160910,"
fxstreet.com
Why could BTC retest the $100,000 mark before the next leg higher?
Manish Chhetri
6–8 minutes

Bitcoin (BTC) remains pressured as it hovers near $110,600 on Thursday, testing a key ascending trendline support. The rising geopolitical tensions and renewed US-China trade frictions are weighing on investor sentiment, keeping risk appetite subdued. A Copper Research report suggests that BTC could retest the $100,000 level before regaining upward momentum.
Bitcoin consolidates as risk appetite remains subdued

Bitcoin price recovery has slowed down so far this week, as escalating geopolitical tensions between Russia and Ukraine, along with renewed US-China trade frictions, weigh on investor sentiment, leaving BTC to trade around $110,600 on Thursday.

On Wednesday, US Defense Secretary Pete Hegseth warned Russia of potential consequences for continued aggression if the war in Ukraine persists. Earlier in the week, US President Donald Trump had said that he is considering providing Ukraine with longer-range Tomahawk cruise missiles.

Meanwhile, the US-China trade tensions escalated further after both sides imposed tit-for-tat port fees this week. Adding to this, President Trump said that he was considering terminating the cooking Oil trade with China in retaliation for the latter’s refusal to purchase American soybeans. 

Trump stated that he viewed the US as locked in an all-out trade war with China. However, US Treasury Secretary Scott Bessent proposed pausing import duties on Chinese goods for longer than three months if China halts its plan for strict export controls on rare-earth elements.

These ongoing geopolitical conflicts and trade tensions between the world's two largest economies have triggered uncertainty and a risk-off sentiment in the market, which doesn’t bode well for riskier asset prices such as BTC.

A Copper Research report on Tuesday highlighted that historical patterns suggest further downside is still possible.

The report explained that Bitcoin might revisit the $100,000 level this month, potentially touching its long-term supportive zone — the 52-week average — as it has done several times in recent years, as shown in the chart below. 

“Any decisive break away from this line would represent a genuine regime shift, comparable to those seen in 2014, 2018, and 2022. If historical sequencing holds, such a shift would not likely occur until 2026,” says the analyst.

Fadi Aboualfa, Head of Research at Copper, told FXStreet that, “Despite last week’s market turbulence, Bitcoin’s movement remains consistent, approaching long-term trend patterns that have compressed with the 52-week average. With strong ETF influence and supportive technical signals, a brief move towards $100k would be viewed as a healthy retest rather than a cause for concern.”
BTC funding rates plunge to 2022 FTX levels

Some signs of optimism emerge despite recent turbulence. The historic leverage flush pushed futures market stress to extremes, with funding rates plunging to levels not seen since the FTX collapse in late 2022, as shown in the graph below.

Across perpetual futures, annualized funding briefly turned sharply negative, indicating that traders were paying a premium to stay short after bullish leverage was wiped out. This marks a complete sentiment reversal, with participants rapidly de-risking amid forced liquidations. 

Historically, such extreme funding resets have coincided with peak fear and the final stages of deleveraging, often cleansing excess leverage and restoring balance for a healthier recovery phase in the mid-term.

BTC funding rate chart. Source: Glassnode

BTC funding rate chart. Source: Glassnode
Bitcoin Price Forecast: BTC momentum indicators hint at further correction

Bitcoin price faced rejection from the 50-day Exponential Moving Average (EMA) at $115,154 on Tuesday and declined by nearly 4% the next day. At the time of writing on Thursday, BTC hovers at $110,600, nearing an ascending trendline. 

If BTC breaks and closes below the ascending trendline, it could extend the decline toward the daily support level at $107,245, which roughly coincides with the 200-day EMA at $108,084.

The Relative Strength Index (RSI) indicator at 40 on the daily chart suggests that bearish momentum is gaining traction. Additionally, the Moving Average Convergence Divergence (MACD) showed a bearish crossover last week, which remains in effect, further supporting the bearish view. 

BTC/USDT daily chart

BTC/USDT daily chart

On the other side, if BTC recovers, it could extend the recovery toward the 50-day EMA at $115,154.
Bitcoin, altcoins, stablecoins FAQs

Bitcoin is the largest cryptocurrency by market capitalization, a virtual currency designed to serve as money. This form of payment cannot be controlled by any one person, group, or entity, which eliminates the need for third-party participation during financial transactions.

Altcoins are any cryptocurrency apart from Bitcoin, but some also regard Ethereum as a non-altcoin because it is from these two cryptocurrencies that forking happens. If this is true, then Litecoin is the first altcoin, forked from the Bitcoin protocol and, therefore, an “improved” version of it.

Stablecoins are cryptocurrencies designed to have a stable price, with their value backed by a reserve of the asset it represents. To achieve this, the value of any one stablecoin is pegged to a commodity or financial instrument, such as the US Dollar (USD), with its supply regulated by an algorithm or demand. The main goal of stablecoins is to provide an on/off-ramp for investors willing to trade and invest in cryptocurrencies. Stablecoins also allow investors to store value since cryptocurrencies, in general, are subject to volatility.

Bitcoin dominance is the ratio of Bitcoin's market capitalization to the total market capitalization of all cryptocurrencies combined. It provides a clear picture of Bitcoin’s interest among investors. A high BTC dominance typically happens before and during a bull run, in which investors resort to investing in relatively stable and high market capitalization cryptocurrency like Bitcoin. A drop in BTC dominance usually means that investors are moving their capital and/or profits to altcoins in a quest for higher returns, which usually triggers an explosion of altcoin rallies."
2025-11-12,"Bitcoin Price Forecast: BTC steadies around $104,000 as consolidation likely to persist amid market uncertainty",https://www.fxstreet.com/cryptocurrencies/news/bitcoin-price-forecast-btc-steadies-around-104-000-as-consolidation-likely-to-persist-amid-market-uncertainty-202511121050,"
fxstreet.com
Can BTC sustain momentum as ETF inflows return?
Manish Chhetri
6–7 minutes

Bitcoin (BTC) price steadies around $104,000 at the time of writing on Wednesday after being rejected from a key resistance level, suggesting a consolidation may continue in the near term. The likely end of the US government shutdown and the return of key economic data could bring fresh volatility to the largest cryptocurrency by market capitalization. Meanwhile, US-listed spot Bitcoin Exchange Traded Funds (ETFs) saw a $523.98 million inflow on Tuesday, signaling improving institutional appetite.
Bitcoin could experience volatility if the US government resumes operations 

With the US government shutdown nearing its end, the return of key economic data could trigger a repricing of Federal Reserve (Fed) expectations and fuel short-term volatility in Bitcoin. However, in the absence of a clear and sustained macro catalyst, current market conditions suggest that BTC is likely to remain sideways in the near term.

A K33 Research report highlighted that the bill still requires approval from the House of Representatives and President Trump’s signature before the shutdown can officially end.

The analyst continued: ""A resolution would immediately ease liquidity pressures and allow frozen federal operations to resume. Key agencies, such as the Bureau of Labor Statistics and the Bureau of Economic Analysis, are expected to resume publishing official data once funding is restored. The market will be closely watching for the release of delayed employment, inflation, and other macroeconomic indicators, though agencies may stagger or partially release this data due to the backlog.""

Additionally, the QCP Capital noted that while the bill to end the US government shutdown moves to the House for approval, its passage would only offer a short-term reprieve, averting holiday disruptions but leaving the risk of another fiscal standoff early next year. 

“It is a textbook case of ‘kick-the-can’ policymaking that removes immediate tail risks but doesn’t resolve the structural issue. Markets will stay headline-sensitive to procedural snags or delays in the House vote,” said QCP’s analyst.
Bitcoin’s institutional demand returns

Institutional demand for Bitcoin shows some signs of recovery. According to SoSoValue data, US-listed spot Bitcoin ETFs recorded inflows of $523.98 million on Tuesday, after a mild $1.15 million inflow the previous day, ending the recent streak of withdrawals totaling $1.22 billion the previous week. If this trend of inflows intensifies, it could provide the momentum needed for Bitcoin to extend its ongoing price recovery.

Total Bitcoin Spot ETF net inflow chart. Source: Coinglass
Bitcoin Price Forecast: BTC faces correction from key resistance level

Bitcoin price rose slightly and retested the key resistance at $106,453 —the 38.2% Fibonacci retracement (drawn from the April 7 low of $74,508 to the all-time high of $126,299 set on October 6, at $100,353) — on Monday and declined 2.78% the next day. At the time of writing on Wednesday, BTC recovers slightly, trading above $104,700.

If BTC continues its recovery and closes above the 38.2% Fibonacci retracement at $106,453 on a daily basis, it could extend the rally toward the 50-day Exponential Moving Average (EMA) at $109,755.

The Relative Strength Index (RSI) reads 44, approaching the neutral 50 level and suggesting fading bearish momentum. For the recovery rally to be sustained, the RSI must move above the neutral level. Additionally, the Moving Average Convergence Divergence (MACD) lines are converging, with decreasing red histogram bars below the neutral level and suggesting an impending bullish crossover.

BTC/USDT daily chart 

On the other hand, if BTC continues its correction, it could extend the decline toward the key support at $100,353.
Bitcoin, altcoins, stablecoins FAQs

Bitcoin is the largest cryptocurrency by market capitalization, a virtual currency designed to serve as money. This form of payment cannot be controlled by any one person, group, or entity, which eliminates the need for third-party participation during financial transactions.

Altcoins are any cryptocurrency apart from Bitcoin, but some also regard Ethereum as a non-altcoin because it is from these two cryptocurrencies that forking happens. If this is true, then Litecoin is the first altcoin, forked from the Bitcoin protocol and, therefore, an “improved” version of it.

Stablecoins are cryptocurrencies designed to have a stable price, with their value backed by a reserve of the asset it represents. To achieve this, the value of any one stablecoin is pegged to a commodity or financial instrument, such as the US Dollar (USD), with its supply regulated by an algorithm or demand. The main goal of stablecoins is to provide an on/off-ramp for investors willing to trade and invest in cryptocurrencies. Stablecoins also allow investors to store value since cryptocurrencies, in general, are subject to volatility.

Bitcoin dominance is the ratio of Bitcoin's market capitalization to the total market capitalization of all cryptocurrencies combined. It provides a clear picture of Bitcoin’s interest among investors. A high BTC dominance typically happens before and during a bull run, in which investors resort to investing in relatively stable and high market capitalization cryptocurrency like Bitcoin. A drop in BTC dominance usually means that investors are moving their capital and/or profits to altcoins in a quest for higher returns, which usually triggers an explosion of altcoin rallies.
"
2025-12-10,"Bitcoin Price Forecast: BTC holds $92,000, primed for volatility as Fed decision looms",https://www.fxstreet.com/cryptocurrencies/news/bitcoin-price-forecast-btc-holds-92-000-primed-for-volatility-as-fed-decision-looms-202512101108,"
fxstreet.com
Will BTC hit $100K or slip to $85K as the Fed decision nears?
Manish Chhetri
6–8 minutes

Bitcoin (BTC) price enters a pivotal week as traders position themselves ahead of the US Federal Reserve’s monetary policy decision. With BTC hovering near a key resistance zone, Wednesday’s Federal Open Market Committee (FOMC) meeting stands out as the most important market-moving event of the week. The Fed’s forward guidance, inflation outlook, and interest-rate path will likely dictate market volatility, making the announcement a decisive catalyst for the next move in the largest cryptocurrency by market capitalization.
Bitcoin eyes volatility as Fed decision nears

Bitcoin started the week on a positive note, extending its weekend recovery, rising slightly and holding above $92,000 at the time of writing on Wednesday. The largest cryptocurrency could experience heightened volatility as the US Federal Reserve (Fed) is scheduled to announce its monetary policy decision later in the day, and is widely expected to cut interest rates by 25 basis points despite sticky inflation.

“Wednesday’s FOMC marks the most critical known market-moving event this week,” says K33 Research analyst.

The analyst noted that the market is currently positioned for a rate cut, pricing in an 89.4% chance of a 25 bps cut. While the market broadly expects lower rates, the current odds reflect the lowest pre-FOMC certainty in the market this year. The uncertainty stems from Fed Chairman Jerome Powell’s ambiguity at the October meeting regarding the central bank's next steps, and leaves significant room for volatility in Wednesday’s trading session.

The chart below shows BTC/USD volatility is trending higher. Bitcoin is currently trading in a choppy structure with frequent substantial daily price moves, a symptom of low liquidity and relatively inactive buyers and sellers. Additionally, the 7-day volatility rose to 3.4% last week, its highest since October 14. 

The K33 Research report further notes that inactivity is the most notable observation from CME over the past seven-day period. BTC annualized futures premiums stayed flat throughout the week, alongside a mildly expanding term structure. The Open Interest (OI) has shown minimal daily fluctuations, ranging from 121,000 to 122,000 BTC over the past five trading days. This marks the eighth-lowest OI volatility ever recorded on CME’s BTC futures. Historically, similarly muted OI readings have appeared before major market moves. 

“We view the current stasis as a product of weak momentum and a lack of clear near-term signals. Any break from this equilibrium, particularly if accompanied by rising CME participation, would offer a stronger read on the market’s next directional move,” writes the analyst.

Mild improvement in institutional demand 

Institutional demand for Bitcoin shows a slight improvement. According to SoSoValue data, US-listed spot Bitcoin ETFs recorded a mild inflow of $151.74 million on Tuesday, following an outflow of $60.48 million on Monday. For BTC to continue its recovery, the ETF inflows should remain and intensify.

Bitcoin Price Forecast: BTC could extend its rally if it closes above $94,253

Bitcoin price recovered slightly over the weekend and rose 2.82% so far this week, retesting the 61.80% Fibonacci retracement level at $94,253 (from the April low of $74,508 to the all-time high of $126,199 set in October) on Tuesday, but failed to close above it. As of Wednesday, BTC is trading higher, approaching this resistance level.

If BTC closes above the $94,253 resistance level, it could extend its rally toward the next key resistance at $100,000 round level.

The Relative Strength Index (RSI) on the daily chart is moving above the neutral level of 50, suggesting bearish strength is fading and giving early signs of bullish momentum. Moreover, the Moving Average Convergence Divergence (MACD) showed a bullish crossover at the end of November, which remains intact, supporting the bullish thesis.

BTC/USDT daily chart 

However, if BTC corrects, it could extend the decline toward the next key support at $85,569, its 78.60% Fibonacci retracement level.
Bitcoin, altcoins, stablecoins FAQs

Bitcoin is the largest cryptocurrency by market capitalization, a virtual currency designed to serve as money. This form of payment cannot be controlled by any one person, group, or entity, which eliminates the need for third-party participation during financial transactions.

Altcoins are any cryptocurrency apart from Bitcoin, but some also regard Ethereum as a non-altcoin because it is from these two cryptocurrencies that forking happens. If this is true, then Litecoin is the first altcoin, forked from the Bitcoin protocol and, therefore, an “improved” version of it.

Stablecoins are cryptocurrencies designed to have a stable price, with their value backed by a reserve of the asset it represents. To achieve this, the value of any one stablecoin is pegged to a commodity or financial instrument, such as the US Dollar (USD), with its supply regulated by an algorithm or demand. The main goal of stablecoins is to provide an on/off-ramp for investors willing to trade and invest in cryptocurrencies. Stablecoins also allow investors to store value since cryptocurrencies, in general, are subject to volatility.

Bitcoin dominance is the ratio of Bitcoin's market capitalization to the total market capitalization of all cryptocurrencies combined. It provides a clear picture of Bitcoin’s interest among investors. A high BTC dominance typically happens before and during a bull run, in which investors resort to investing in relatively stable and high market capitalization cryptocurrency like Bitcoin. A drop in BTC dominance usually means that investors are moving their capital and/or profits to altcoins in a quest for higher returns, which usually triggers an explosion of altcoin rallies."
2026-01-29,"Bitcoin Price Forecast: BTC slides below $88,000 as Fed holds rates, geopolitical risks cap recovery",https://www.fxstreet.com/cryptocurrencies/news/bitcoin-price-forecast-btc-slides-below-88-000-as-fed-holds-rates-geopolitical-risks-cap-recovery-202601291101,"
fxstreet.com
Why is BTC falling?
Manish Chhetri
7–9 minutes

Bitcoin (BTC) price slips below $88,000 at the time of writing on Thursday, after being rejected at a key level the previous day. The price correction followed the Federal Reserve’s (Fed) decision to keep interest rates steady on Wednesday, and the Fed Chair Jerome Powell's cautious tone capped BTC’s upside. In addition, rising geopolitical tensions between the US and Iran and lingering concerns over the Fed’s independence continue to dampen risk appetite, limiting Crypto King’s recovery.
Fed’s lack of dovish guidance limits BTC recovery

The Fed decided to leave rates unchanged in the 3.50%-3.75% range at the end of its two-day meeting on Wednesday. However, two Fed Governors – Stephen Miran and Christopher Waller – dissented in favor of a 25 basis-point (bps) interest rate cut. This move by the central bank was anticipated by traders, which kept riskier assets such as Bitcoin in a wait-and-see mode.

However, the lack of dovish guidance following the post-meeting press conference, in which Federal Reserve Chair Powell stated that inflation was still well above the 2% target, capped Bitcoin’s near-term recovery. 

In addition, investors remain concerned about threats to the Federal Reserve’s independence. A criminal investigation of Powell by the Department of Justice and an evolving effort to remove Fed Governor Lisa Cook have focused attention on the independence of monetary authorities from direct political interference in policy formulation.

Meanwhile, traders seem convinced that the Fed will maintain the status quo through the end of this quarter and possibly until Chair Jerome Powell’s tenure ends in May, although they still price in two more rate cuts in 2026, which could provide longer-term support for BTC.
Rising geopolitical tensions weigh on BTC

Reuters reported on Thursday that US President Donald Trump is weighing options against Iran that include targeted strikes on security forces and leaders to inspire protesters.

“The arrival of a US aircraft carrier and supporting warships in the Middle East this week has expanded Trump’s capabilities to potentially take military action, after he repeatedly threatened intervention over Iran’s crackdown,” said the report.

On Wednesday, Trump urged Iran to come to the table and make a deal on nuclear weapons, warning that any future US attack would be more severe than a June bombing campaign. Iran responded with a threat to strike back against the US, Israel and those who support them.

These growing geopolitical tensions have triggered a risk-off sentiment among investors, prompting them to move toward safe-haven assets such as Gold (XAU) and Silver (XAG), whose prices reach new all-time highs. In contrast, riskier assets, such as Bitcoin, have remained under pressure since midweek.
Cautious stance among institutional investors 

Institutional demand for Bitcoin signals a cautious stance among investors. The SoSoValue data show that spot Bitcoin Exchange Traded Funds (ETFs) recorded a mild outflow of $19.64 million on Wednesday and $147.37 million on Tuesday. If this trend of outflows persists, it could signal hesitation among institutional investors and limit Bitcoin’s upside momentum.

Total Bitcoin spot ETF net inflow chart. Source: SoSoValue

Additionally, Glassnode reported on Tuesday that BTC is slipping back into weakness.

“Following the spot price’s failure to sustain its advance toward the Short-Term Holder Cost Basis, the market has slipped back into a shallow pullback”, said Glassnode analyst.

The analyst continued, trading below this key bull–bear threshold, now at $96,500, once again closely resembles the market structures observed in Q1 2022 and Q2 2018. As shown in the chart below, the lower bound of the compressing range (−1 standard deviation) is currently $83,400. This level represents critical near-term support, and a failure to hold it could trigger a deeper correction toward the True Market Mean at $80,000.

Bitcoin Price Forecast: BTC faces rejection from $90,000 mark

Bitcoin started the week on a positive note. However, on mid-week, BTC failed to close above the upper boundary of a horizontal pattern at $90,000 and is correcting below $88,000 at the time of writing on Thursday.

If BTC continues its correction and closes below the midpoint of the horizontal parallel channel at $87,787 on a daily basis, it could extend the fall toward the lower consolidation boundary at $85,569, which coincides with the 78.6% Fibonacci retracement (drawn from the April 7 low of $74,508 to the October 6 all-time high of $126,199).

The Relative Strength Index (RSI) on the daily chart reads 41, below the neutral level of 50, and pointing downward, indicating bearish momentum gaining traction. Moreover, the Moving Average Convergence Divergence (MACD) indicator showed a bearish crossover on January 20, which remains intact with rising red histogram bars below the neutral level, further supporting the negative outlook.

BTC/USDT daily chart

On the other hand, if $87,787 hold as support, BTC could extend the rally toward the upper boundary of the horizontal pattern at $90,000. A close above this level could extend gains toward the 50-day Exponential Moving Average (EMA) at $91,189.
Bitcoin, altcoins, stablecoins FAQs

Bitcoin is the largest cryptocurrency by market capitalization, a virtual currency designed to serve as money. This form of payment cannot be controlled by any one person, group, or entity, which eliminates the need for third-party participation during financial transactions.

Altcoins are any cryptocurrency apart from Bitcoin, but some also regard Ethereum as a non-altcoin because it is from these two cryptocurrencies that forking happens. If this is true, then Litecoin is the first altcoin, forked from the Bitcoin protocol and, therefore, an “improved” version of it.

Stablecoins are cryptocurrencies designed to have a stable price, with their value backed by a reserve of the asset it represents. To achieve this, the value of any one stablecoin is pegged to a commodity or financial instrument, such as the US Dollar (USD), with its supply regulated by an algorithm or demand. The main goal of stablecoins is to provide an on/off-ramp for investors willing to trade and invest in cryptocurrencies. Stablecoins also allow investors to store value since cryptocurrencies, in general, are subject to volatility.

Bitcoin dominance is the ratio of Bitcoin's market capitalization to the total market capitalization of all cryptocurrencies combined. It provides a clear picture of Bitcoin’s interest among investors. A high BTC dominance typically happens before and during a bull run, in which investors resort to investing in relatively stable and high market capitalization cryptocurrency like Bitcoin. A drop in BTC dominance usually means that investors are moving their capital and/or profits to altcoins in a quest for higher returns, which usually triggers an explosion of altcoin rallies.
"
2026-02-09,"Bitcoin Price Forecast: BTC slips below $70,000 as ETF outflows, realized losses fuel bearish outlook",https://www.fxstreet.com/cryptocurrencies/news/bitcoin-price-forecast-btc-slips-below-70-000-as-etf-outflows-realized-losses-fuel-bearish-outlook-202602091121,"
fxstreet.com
Is a final washout still ahead for Bitcoin?
Manish Chhetri
5–7 minutes

Bitcoin (BTC) trades in the red below $70,000 at the time of writing on Monday, after sliding nearly 9% last week. The institutional demand continues to weaken with spot Exchange Traded Funds (ETFs) recording a third consecutive week of outflows, signaling fading institutional investor interest. Meanwhile, on-chain data suggests a bearish regime has taken hold for the Crypto King, signaling growing caution among traders.
Fading institutional demand weighs on BTC

Institutional demand for Bitcoin continued to weaken last week. SoSoValue data shows that spot Bitcoin ETFs recorded total outflows of $318.07 million last week, marking the third consecutive week of withdrawals. If this trend continues and intensifies, BTC could see further correction.

Total Bitcoin spot ETFs net inflow weekly chart. Source: Coinglass
Bearish regime for Bitcoin

The CryptoQuant data chart below shows that holders have been realizing net losses that continue to intensify, weighing on the BTC price. The metric turned negative on January 20 and has been falling continually, reaching losses of 263,000 BTC on Sunday. In addition, the current pattern closely mirrors the 2021–2022 bull-to-bear transition, when realized profits peaked in January 2021, formed lower highs through 2021, and then flipped into net losses ahead of the 2022 bear market.

Bitcoin Price Forecast: Is BTC bottoming, or do bears have steam for further correction?

The Bitcoin weekly chart shows price action that resembles that of the late-2021-2022 bear market. In 2021, BTC hit a new all-time high (ATH) of $69,000 in November and corrected 77.57% from the high to the 2022 bottom of around $15,476 in November 2022 in 378 days. Then consolidated for the next 112 days, before the start of another bull cycle in 2023.

As in the 2025-2026 era, BTC hit a new ATH at $126,199 in October 2025 and has corrected by 45% through the first week of February, finding support around the 200-week Exponential Moving Average at $68,075.

If the current regime follows the 2021-2022 pattern, BTC could see further corrections, reaching a low of $28,300 (77.51% from the 2025 ATH) on October 19, 2026. Then consolidate for the next 112 days before the start of another bull cycle (similarly seen in 2023 as discussed above).

BTC/USDT weekly chart

Switching to the daily chart, Bitcoin price declined nearly 9% last week, reaching a low of $60,000 on Friday, and rebounded, retesting the daily resistance at $73,072 on Sunday. At the time of writing on Monday, BTC is trading below $70,000.

If BTC continues its recovery, it could extend the advance toward the daily resistance at $73,072.

Traders should be cautious as the primary trend for BTC remains bearish, so any short-term recovery has a high probability of a dead-cat bounce — a brief price increase within a broader downtrend.

The Relative Strength Index (RSI) on the daily chart is 32, pointing upward after rebounding from oversold territory last week, suggesting fading bearish strength and hinting at a recovery. However, traders should remain cautious, as the Moving Average Convergence Divergence (MACD) indicator has shown a bearish crossover, suggesting a continuation of the downward trend.

If BTC continues its downward trend, it could extend the decline toward the 78.6% Fibonacci retracement (drawn from the August 2024 low of $49,000 to the October 2025 all-time high of $126,199) at $65,520.
Bitcoin, altcoins, stablecoins FAQs

Bitcoin is the largest cryptocurrency by market capitalization, a virtual currency designed to serve as money. This form of payment cannot be controlled by any one person, group, or entity, which eliminates the need for third-party participation during financial transactions.

Altcoins are any cryptocurrency apart from Bitcoin, but some also regard Ethereum as a non-altcoin because it is from these two cryptocurrencies that forking happens. If this is true, then Litecoin is the first altcoin, forked from the Bitcoin protocol and, therefore, an “improved” version of it.

Stablecoins are cryptocurrencies designed to have a stable price, with their value backed by a reserve of the asset it represents. To achieve this, the value of any one stablecoin is pegged to a commodity or financial instrument, such as the US Dollar (USD), with its supply regulated by an algorithm or demand. The main goal of stablecoins is to provide an on/off-ramp for investors willing to trade and invest in cryptocurrencies. Stablecoins also allow investors to store value since cryptocurrencies, in general, are subject to volatility.

Bitcoin dominance is the ratio of Bitcoin's market capitalization to the total market capitalization of all cryptocurrencies combined. It provides a clear picture of Bitcoin’s interest among investors. A high BTC dominance typically happens before and during a bull run, in which investors resort to investing in relatively stable and high market capitalization cryptocurrency like Bitcoin. A drop in BTC dominance usually means that investors are moving their capital and/or profits to altcoins in a quest for higher returns, which usually triggers an explosion of altcoin rallies."
2026-03-16,Bitcoin Price Forecast: BTC extends gains after third consecutive week of ETF inflows,https://www.fxstreet.com/cryptocurrencies/news/bitcoin-price-forecast-btc-extends-gains-after-third-consecutive-week-of-etf-inflows-202603160905,"
fxstreet.com
Bitcoin Price Forecast: Will BTC hit its technical breakout target above $78,000?
Manish Chhetri
5–7 minutes

Bitcoin (BTC) extends gains, trading above $73,000 at the time of writing on Monday, following a bullish breakout from the consolidation pattern it had been trading since roughly the past six weeks. Institutional demand supports the positive outlook, as spot Exchange Traded Funds (ETFs) recorded their third consecutive week of inflows despite markets being cautious due to the US-Israel war on Iran. With the breakout confirmed, the technical outlook suggests the Crypto King could hit the breakout target above $78,000 in the upcoming days.
Institutional demand remains robust

Institutional demand for Bitcoin remained strong last week, indicating growing investor confidence. According to SoSoValue data, spot Bitcoin ETFs recorded inflows of $767.33 million last week, following $568.45 million positive flows the previous one. This is the third consecutive week of inflows, and if these continue and intensify, BTC could see a rally in the upcoming weeks.

Total Bitcoin spot ETF net inflow weekly chart. Source: SoSoValue
Bitcoin supply on exchanges falls to lowest level since 2017

The Santiment chart below shows that the percentage of Bitcoin on exchanges has dropped to its lowest level since November 2017, suggesting fewer coins are available for sale. 

Generally, a falling exchange supply tends to support the bullish case for Bitcoin, as it signals reduced sell pressure. Any growing demand for BTC under these conditions can tighten the available market supply, potentially supporting higher prices.

Bitcoin’s percentage of supply on the exchange chart. Source: Santiment
Bitcoin Price Forecast: BTC bulls aiming for the $78,000 target

Bitcoin price is trading above $73,000 as of writing on Monday after surging over 10% in the previous week. The near-term tone turns cautiously bullish as price breaks above the parallel channel whose upper boundary sat near $72,600, signalling a challenge to the recent sequence of lower highs. This upside break unfolds as BTC pushes further above the 50-day Exponential Moving Average (EMA) around $72,800.

The Relative Strength Index (RSI) on the daily chart at 59 shows firm positive momentum without overbought conditions, and the Moving Average Convergence Divergence (MACD) line is holding above the signal line in positive territory, with a still-positive histogram, reinforcing the building upside pressure after the prior consolidation.

Initial support now aligns near the former channel top around $72,600, where a pullback would test the validity of the breakout, followed by a deeper cushion around $70,900, the last swing low before the latest thrust higher. Below that area, $68,800 emerges as stronger daily support, guarding the lower boundary of the previous range and the lower end of recent high-volume trade. 

On the topside, the technical target for the channel breakout is above $78,000, based on the channel’s distance. With a sustained close above this area, opening the way to near $80,000, it’s the 100-day EMA. A daily hold above $72,600 would keep the bullish bias intact, while a failure back inside the channel would reintroduce a more neutral, range-bound outlook.

(The technical analysis of this story was written with the help of an AI tool.)
Bitcoin, altcoins, stablecoins FAQs

Bitcoin is the largest cryptocurrency by market capitalization, a virtual currency designed to serve as money. This form of payment cannot be controlled by any one person, group, or entity, which eliminates the need for third-party participation during financial transactions.

Altcoins are any cryptocurrency apart from Bitcoin, but some also regard Ethereum as a non-altcoin because it is from these two cryptocurrencies that forking happens. If this is true, then Litecoin is the first altcoin, forked from the Bitcoin protocol and, therefore, an “improved” version of it.

Stablecoins are cryptocurrencies designed to have a stable price, with their value backed by a reserve of the asset it represents. To achieve this, the value of any one stablecoin is pegged to a commodity or financial instrument, such as the US Dollar (USD), with its supply regulated by an algorithm or demand. The main goal of stablecoins is to provide an on/off-ramp for investors willing to trade and invest in cryptocurrencies. Stablecoins also allow investors to store value since cryptocurrencies, in general, are subject to volatility.

Bitcoin dominance is the ratio of Bitcoin's market capitalization to the total market capitalization of all cryptocurrencies combined. It provides a clear picture of Bitcoin’s interest among investors. A high BTC dominance typically happens before and during a bull run, in which investors resort to investing in relatively stable and high market capitalization cryptocurrency like Bitcoin. A drop in BTC dominance usually means that investors are moving their capital and/or profits to altcoins in a quest for higher returns, which usually triggers an explosion of altcoin rallies.
"
2026-03-26,Bitcoin Price Forecast: BTC retreats from key technical level as institutional demand stays muted,https://www.fxstreet.com/cryptocurrencies/news/bitcoin-price-forecast-btc-retreats-from-key-technical-level-as-institutional-demand-stays-muted-202603261132,"
fxstreet.com
Bitcoin Price Forecast: Uncertainty over US-Iran ceasefire talks weighs on outlook
Manish Chhetri
7–9 minutes

Bitcoin (BTC) falls back below $70,000 at the time of writing on Thursday after being rejected around a key technical level the previous day. The bearish market sentiment strengthens amid uncertainty over the US-Iran ceasefire plan, which seems to be sidelining institutional demand as well.
Iran-US peace deal still uncertain

The ongoing talks about a potential ceasefire deal between the US and Iran remain highly uncertain. The latest developments came in on Thursday as US President Donald Trump reiterated that Iran is negotiating to end the war.

“They are negotiating, by the way, and they want to make a deal so badly. But they’re afraid to say it, because they figure they’ll be killed by their own people,” Trump said.

Meanwhile, Iranian Foreign Minister Abbas Araghchi said on state TV that his government had not engaged in talks to end the war, citing that “we do not plan on any negotiations.”

Traders should be cautious as negotiations around the ceasefire deal remain highly uncertain, with the latest news suggesting a slight negative outcome. If this scenario plays out, Monday’s BTC recovery could be erased in the coming days.
Institutional investors remain muted

Institutional flows reflect the mixed sentiment that is prevalent in markets. SoSoValue data show that Bitcoin spot Exchange Traded Funds (ETFs) have seen alternating inflows and outflows this week, beginning with positive flows of $167.23 million on Monday, followed by an outflow of $74.53 million on Tuesday, and then a mild inflow of $7.81 million on Wednesday. This highlights indecisiveness among institutional investors amid prevailing market uncertainty.

Total Bitcoin Spot ETF net inflow daily chart. Source: SoSoValue
Is Strategy the only one buying BTC?

CryptoQuant’s weekly report on Wednesday highlighted that Strategy (MSTR) is the sole driver of Bitcoin treasury demand.

The report explained that MSTR has accumulated more than 45,000 BTC in the last 30 days, the highest 30-day purchase since April 2025. On the contrary, BTC purchases from all other treasury companies have collapsed, totaling 1,000 BTC in the last 30 days, a 99% decline from the high of 69,000 BTC in August 2025. Moreover, the share of purchases from these other treasury companies has declined to 2%, from 95% in October last year. 

“As a result of the above dynamics, Strategy’s holdings reached new record-highs, while the holdings of the other companies have stalled,” said CryptoQuant analyst.

The share of total holdings from these companies has declined from a high of 26% in November 2025 to 24% today.

In an exclusive interview, Analyst at Bitget Wallet Lacie Zhang told FXStreet, “We believe Strategy's current aggressive accumulation provides significant support to BTC's price. Its weekly purchases of several hundred million dollars are directly removing liquidity from the market, becoming a key price anchor, especially as other institutional reserves continue to decline.”

Zhang continued, “In the short term (within 2026), based on the current pace (approximately $500-600 million per week), this accumulation can support BTC maintaining relative stability around current price levels and even provide a buffer during pullbacks. Combined with large-scale financings such as the 21/21 plan, the supportive effect could extend through the advancement of its year-end targets.”

When asked about how long this process can be sustained? Bitget analyst replied, “This process is likely to continue for a considerable period, as Strategy not only relies on equity and perpetual preferred stock issuances (such as STRC), but can also generate cash flow by selling or converting its existing convertible bonds and other equity- or bond-class assets to purchase more BTC. As long as mNAV > 1 (currently around 1.21x), such issuances remain accretive, creating a positive flywheel that allows it to sustain its ""never sell"" Bitcoin treasury strategy long-term without relying on core software cash flows, until market conditions or valuation shifts prompt adjustments.” 
Bitcoin Price Forecast: BTC faces rejection from the key resistance zone

Bitcoin price is trading below $70,000 as of writing on Thursday. The near-term bias stays mildly bearish as price holds within a parallel channel, with the latest close lodged beneath the upper boundary near $72,600, signaling that rallies remain capped. 

In addition, BTC trades well below the 50-day and 100-day Exponential Moving Averages clustered around $72,100 and $77,800, respectively, with price action validating the 50-day EMA retest on Wednesday and dropping the next day.

The Relative Strength Index (RSI) on the daily chart at 48 leans slightly bearish after recovering from lower readings, while the Moving Average Convergence Divergence (MACD) hovers close to the signal line with contracting histogram bars, suggesting momentum is still fragile and lacks sustained upside conviction.

Immediate resistance sits at the channel top around $72,600, followed by the 50-day EMA near $72,100, and then the 100-day EMA near $77,800, where a daily close above this level would be needed to neutralize the current downside bias. 

On the downside, initial support lies near $69,000, the midpoint of the horizontal channel, followed by a deeper level around $65,900, which aligns with the lower part of the consolidation range. A break below this area would trigger deeper losses toward $60,000, a key psychological level.

(The technical analysis of this story was written with the help of an AI tool.)
Bitcoin, altcoins, stablecoins FAQs

Bitcoin is the largest cryptocurrency by market capitalization, a virtual currency designed to serve as money. This form of payment cannot be controlled by any one person, group, or entity, which eliminates the need for third-party participation during financial transactions.

Altcoins are any cryptocurrency apart from Bitcoin, but some also regard Ethereum as a non-altcoin because it is from these two cryptocurrencies that forking happens. If this is true, then Litecoin is the first altcoin, forked from the Bitcoin protocol and, therefore, an “improved” version of it.

Stablecoins are cryptocurrencies designed to have a stable price, with their value backed by a reserve of the asset it represents. To achieve this, the value of any one stablecoin is pegged to a commodity or financial instrument, such as the US Dollar (USD), with its supply regulated by an algorithm or demand. The main goal of stablecoins is to provide an on/off-ramp for investors willing to trade and invest in cryptocurrencies. Stablecoins also allow investors to store value since cryptocurrencies, in general, are subject to volatility.

Bitcoin dominance is the ratio of Bitcoin's market capitalization to the total market capitalization of all cryptocurrencies combined. It provides a clear picture of Bitcoin’s interest among investors. A high BTC dominance typically happens before and during a bull run, in which investors resort to investing in relatively stable and high market capitalization cryptocurrency like Bitcoin. A drop in BTC dominance usually means that investors are moving their capital and/or profits to altcoins in a quest for higher returns, which usually triggers an explosion of altcoin rallies."